{
	"type": "entity",
	"mixins": "file(fence_tpiece_ghost.json)",
	"components": {
		"stonehearth:entity_forms": {
			"iconic_form": "file(fence_tpiece_iconic.json)",
			"ghost_form": "file(fence_tpiece_ghost.json)",
			"placeable_on_ground": true
		},
		"region_collision_shape": {
			"region": [{
				"min": {
					"x": -0.25,
					"y": 0,
					"z": 0.25
				},
				"max": {
					"x": 1.25,
					"y": 2,
					"z": 0.75
				}
			}, {
				"min": {
					"x": 0.25,
					"y": 0,
					"z": 0.75
				},
				"max": {
					"x": 0.75,
					"y": 2,
					"z": 1.25
				}
			}]
		},
		"entity_data": {
			"stonehearth:net_worth": {
				"value_in_gold": 10,
				"rarity": "common",
				"shop_info": {
					"buyable": false,
					"sellable": true,
					"shopkeeper_level": 1,
					"shopkeeper_type": "caravan"
				}
			},
			"stonehearth:territory": {
				"marks_territory": true
			}
		}
	}
}