{
	"mixins": "stonehearth:mixins:placed_object",
	"components": {
		"model_variants": {
			"default": {
				"models": [
					"file(fence_expiece.qb)"
				]
			}
		},
      "mob": {
         "model_origin": { "x": 0, "y": 0, "z": 0 },
         "region_origin": { "x": 0.05, "y": 0, "z": 0.05 }
			}
		},
		"entity_data": {
			"stonehearth:catalog": {
				"display_name": "i18n(endpieces:entities.construction.fence_expiece_ghost.name)",
				"description": "i18n(endpieces:entities.construction.fence_expiece_ghost.description)",
				"icon": "file(fence_expiece.png)",
				"category": "construction",
				"material_tags": "wood defense crafted fence stockpile_defense"
		}
	}
}