{
	"craftable_recipes" : {
		"building_parts" : {
			"recipes" : {
				"wall_10piece" : {
					"recipe" : "file(/recipes/wall_10piece_recipe.json)"
				},
				"wall_xpiece" : {
					"recipe" : "file(/recipes/wall_xpiece_recipe.json)"
				},
				"wall_tpiece" : {
					"recipe" : "file(/recipes/wall_tpiece_recipe.json)"
				},
				"wall_epiece" : {
					"recipe" : "file(/recipes/wall_epiece_recipe.json)"
				},
				"wall_cpiece" : {
					"recipe" : "file(/recipes/wall_cpiece_recipe.json)"
				},
				"wall_ppiece" : {
					"recipe" : "file(/recipes/wall_ppiece_recipe.json)"
				}
			}
		}
	}
}
