{
	"type" : "recipe",
	"work_units" : 3,
	"recipe_name" : "i18n(endpieces:recipes.fence_10piece_recipe.recipe_name)",
	"description" : "i18n(endpieces:recipes.fence_10piece_recipe.description)",
	"flavor" : "i18n(endpieces:recipes.fence_10piece_recipe.flavor)",
	"portrait" : "/endpieces/entities/construction/fence_10piece/fence_10piece.png",
	"workshop" : "stonehearth:carpenter:workbench",
	"level_requirement" : 1,
	"ingredients" : [{
			"material" : "wood resource",
			"count" : 10
		}
	],
	"produces" : [{
			"item" : "endpieces:construction:fence_10piece"
		}
	]
}
