{
	"type" : "recipe",

	"work_units" : 3,
	"recipe_name" : "i18n(endpieces:recipes.wall_ppiece_recipe.recipe_name)",
	"description" : "i18n(endpieces:recipes.wall_ppiece_recipe.description)",
	"flavor" : "i18n(endpieces:recipes.wall_ppiece_recipe.flavor)",
	"portrait" : "/endpieces/entities/construction/wall_ppiece/wall_ppiece.png",
	"workshop" : "stonehearth:mason:workbench",

	"ingredients" : [{
			"material" : "stone resource",
			"count" : 1
		}
	],
	"produces" : [{
			"item" : "endpieces:construction:wall_ppiece"
		}
	]
}
